{"cameraMode":{"drawMode":0,"name":"Shaded","section":"Shading Mode"},"sceneLighting":true,"audioPlay":false,"sceneViewState":{"m_AlwaysRefresh":false,"showFog":true,"showSkybox":true,"showFlares":true,"showImageEffects":true,"showParticleSystems":true,"showVisualEffectGraphs":true,"m_FxEnabled":true},"in2DMode":false,"pivot":{"x":-1.4901161193847657e-8,"y":1.100000023841858,"z":0.7700001001358032},"rotation":{"x":-0.04484318569302559,"y":0.5191949009895325,"z":-0.027263542637228967,"w":-0.8531509041786194},"size":0.7285169363021851,"orthographic":true}