{"cameraMode":{"drawMode":0,"name":"Shaded","section":"Shading Mode"},"sceneLighting":true,"audioPlay":false,"sceneViewState":{"m_AlwaysRefresh":false,"showFog":true,"showSkybox":true,"showFlares":true,"showImageEffects":true,"showParticleSystems":true,"showVisualEffectGraphs":true,"m_FxEnabled":true},"in2DMode":false,"pivot":{"x":0.058532051742076877,"y":1.1000251770019532,"z":0.899213969707489},"rotation":{"x":0.19993969798088075,"y":-0.33459773659706118,"z":0.0730523094534874,"w":0.9180436730384827},"size":0.5100706815719605,"orthographic":false}