{"cameraMode":{"drawMode":0,"name":"Shaded","section":"Shading Mode"},"sceneLighting":true,"audioPlay":false,"sceneViewState":{"m_AlwaysRefresh":false,"showFog":true,"showSkybox":true,"showFlares":true,"showImageEffects":true,"showParticleSystems":true,"showVisualEffectGraphs":true,"m_FxEnabled":true},"in2DMode":false,"pivot":{"x":-1.4901161193847657e-8,"y":1.100000023841858,"z":0.7700001001358032},"rotation":{"x":-0.0427110455930233,"y":-0.3145732283592224,"z":0.014133556745946408,"w":-0.9482624530792236},"size":0.2643861472606659,"orthographic":true}